<?xml version="1.0"?>
<!DOCTYPE hibernate-mapping PUBLIC 
	"-//Hibernate/Hibernate Mapping DTD 3.0//EN"
	"http://www.hibernate.org/dtd/hibernate-mapping-3.0.dtd">

<!-- Generated Nov 3, 2023, 12:59:50 PM by Hibernate Tools 3.6.2.Final -->
<hibernate-mapping>

<class
    name="com.java.ips.Insurance_Plans"
    table="INSURANCE_PLANS"
>

	<id 
        name="plan_id"
        type="int"
    >
    
<column name="PLAN_ID" />
	    <generator class="assigned" />
    </id>




    <property
        name="insurance_id"
	    type="java.lang.String"
    >
<column name="INSURANCE_ID" />
  </property>


    <property
        name="premium_Amount"
	    type="double"
    >
<column name="PREMIUM_AMOUNT" />
  </property>
 <property
        name="coverage_Amount"
	    type="java.lang.String"
    >
<column name="COVERAGE_AMOUNT" />
  </property>

    <property
        name="benefits"
	    type="java.lang.String"
    >
<column name="BENEFITS" />
  </property>

     <property
        name="special_Offers"
	    type="java.lang.String"
    >
<column name="SPECIAL_OFFERS" />
  </property>

</class>

</hibernate-mapping>